,,,,,,,,,,ccmKey,ccmLabel,level0,level1,level2,content,ccmOrder,deleteFlag,addedBy,createdDate,updatedDate
INSERT INTO FACT_ccm (ccmKey,ccmLabel,level0,level1,level2,content,ccmOrder,deleteFlag,addedBy,createdDate,updatedDate) VALUES (1,'',1,1,1,1,1,0,'admin','2014-6-3',null);
INSERT INTO FACT_ccm (ccmKey,ccmLabel,level0,level1,level2,content,ccmOrder,deleteFlag,addedBy,createdDate,updatedDate) VALUES (2,'',1,1,2,2,1,0,'admin','2014-6-3',null);
INSERT INTO FACT_ccm (ccmKey,ccmLabel,level0,level1,level2,content,ccmOrder,deleteFlag,addedBy,createdDate,updatedDate) VALUES (3,'',1,1,3,3,1,0,'admin','2014-6-3',null);
INSERT INTO FACT_ccm (ccmKey,ccmLabel,level0,level1,level2,content,ccmOrder,deleteFlag,addedBy,createdDate,updatedDate) VALUES (4,'',1,1,4,4,1,0,'admin','2014-6-3',null);
INSERT INTO FACT_ccm (ccmKey,ccmLabel,level0,level1,level2,content,ccmOrder,deleteFlag,addedBy,createdDate,updatedDate) VALUES (5,'',1,2,1,5,2,0,'admin','2014-6-3',null);
INSERT INTO FACT_ccm (ccmKey,ccmLabel,level0,level1,level2,content,ccmOrder,deleteFlag,addedBy,createdDate,updatedDate) VALUES (6,'',1,2,2,6,2,0,'admin','2014-6-3',null);
INSERT INTO FACT_ccm (ccmKey,ccmLabel,level0,level1,level2,content,ccmOrder,deleteFlag,addedBy,createdDate,updatedDate) VALUES (7,'',1,2,3,7,2,0,'admin','2014-6-3',null);
INSERT INTO FACT_ccm (ccmKey,ccmLabel,level0,level1,level2,content,ccmOrder,deleteFlag,addedBy,createdDate,updatedDate) VALUES (8,'',1,2,4,8,2,0,'admin','2014-6-3',null);
INSERT INTO FACT_ccm (ccmKey,ccmLabel,level0,level1,level2,content,ccmOrder,deleteFlag,addedBy,createdDate,updatedDate) VALUES (9,'',1,3,1,9,3,0,'admin','2014-6-3',null);
INSERT INTO FACT_ccm (ccmKey,ccmLabel,level0,level1,level2,content,ccmOrder,deleteFlag,addedBy,createdDate,updatedDate) VALUES (10,'',1,3,2,10,3,0,'admin','2014-6-3',null);
INSERT INTO FACT_ccm (ccmKey,ccmLabel,level0,level1,level2,content,ccmOrder,deleteFlag,addedBy,createdDate,updatedDate) VALUES (11,'',1,3,3,11,3,0,'admin','2014-6-3',null);
INSERT INTO FACT_ccm (ccmKey,ccmLabel,level0,level1,level2,content,ccmOrder,deleteFlag,addedBy,createdDate,updatedDate) VALUES (12,'',1,3,4,12,3,0,'admin','2014-6-3',null);
INSERT INTO FACT_ccm (ccmKey,ccmLabel,level0,level1,level2,content,ccmOrder,deleteFlag,addedBy,createdDate,updatedDate) VALUES (13,'',1,4,1,13,4,0,'admin','2014-6-3',null);
INSERT INTO FACT_ccm (ccmKey,ccmLabel,level0,level1,level2,content,ccmOrder,deleteFlag,addedBy,createdDate,updatedDate) VALUES (14,'',1,4,2,14,4,0,'admin','2014-6-3',null);
INSERT INTO FACT_ccm (ccmKey,ccmLabel,level0,level1,level2,content,ccmOrder,deleteFlag,addedBy,createdDate,updatedDate) VALUES (15,'',1,4,3,15,4,0,'admin','2014-6-3',null);
INSERT INTO FACT_ccm (ccmKey,ccmLabel,level0,level1,level2,content,ccmOrder,deleteFlag,addedBy,createdDate,updatedDate) VALUES (16,'',1,4,4,16,4,0,'admin','2014-6-3',null);
INSERT INTO FACT_ccm (ccmKey,ccmLabel,level0,level1,level2,content,ccmOrder,deleteFlag,addedBy,createdDate,updatedDate) VALUES (17,'',1,5,1,17,5,0,'admin','2014-6-3',null);
INSERT INTO FACT_ccm (ccmKey,ccmLabel,level0,level1,level2,content,ccmOrder,deleteFlag,addedBy,createdDate,updatedDate) VALUES (18,'',1,5,2,18,5,0,'admin','2014-6-3',null);
INSERT INTO FACT_ccm (ccmKey,ccmLabel,level0,level1,level2,content,ccmOrder,deleteFlag,addedBy,createdDate,updatedDate) VALUES (19,'',1,5,3,19,5,0,'admin','2014-6-3',null);
INSERT INTO FACT_ccm (ccmKey,ccmLabel,level0,level1,level2,content,ccmOrder,deleteFlag,addedBy,createdDate,updatedDate) VALUES (20,'',1,5,4,20,5,0,'admin','2014-6-3',null);
INSERT INTO FACT_ccm (ccmKey,ccmLabel,level0,level1,level2,content,ccmOrder,deleteFlag,addedBy,createdDate,updatedDate) VALUES (21,'',1,6,1,21,6,0,'admin','2014-6-3',null);
INSERT INTO FACT_ccm (ccmKey,ccmLabel,level0,level1,level2,content,ccmOrder,deleteFlag,addedBy,createdDate,updatedDate) VALUES (22,'',1,6,2,22,6,0,'admin','2014-6-3',null);
INSERT INTO FACT_ccm (ccmKey,ccmLabel,level0,level1,level2,content,ccmOrder,deleteFlag,addedBy,createdDate,updatedDate) VALUES (23,'',1,6,3,23,6,0,'admin','2014-6-3',null);
INSERT INTO FACT_ccm (ccmKey,ccmLabel,level0,level1,level2,content,ccmOrder,deleteFlag,addedBy,createdDate,updatedDate) VALUES (24,'',1,6,4,24,6,0,'admin','2014-6-3',null);
INSERT INTO FACT_ccm (ccmKey,ccmLabel,level0,level1,level2,content,ccmOrder,deleteFlag,addedBy,createdDate,updatedDate) VALUES (25,'',1,7,1,25,7,0,'admin','2014-6-3',null);
INSERT INTO FACT_ccm (ccmKey,ccmLabel,level0,level1,level2,content,ccmOrder,deleteFlag,addedBy,createdDate,updatedDate) VALUES (26,'',1,7,2,26,7,0,'admin','2014-6-3',null);
INSERT INTO FACT_ccm (ccmKey,ccmLabel,level0,level1,level2,content,ccmOrder,deleteFlag,addedBy,createdDate,updatedDate) VALUES (27,'',1,7,3,27,7,0,'admin','2014-6-3',null);
INSERT INTO FACT_ccm (ccmKey,ccmLabel,level0,level1,level2,content,ccmOrder,deleteFlag,addedBy,createdDate,updatedDate) VALUES (28,'',1,7,4,28,7,0,'admin','2014-6-3',null);
INSERT INTO FACT_ccm (ccmKey,ccmLabel,level0,level1,level2,content,ccmOrder,deleteFlag,addedBy,createdDate,updatedDate) VALUES (29,'',1,8,1,29,8,0,'admin','2014-6-3',null);
INSERT INTO FACT_ccm (ccmKey,ccmLabel,level0,level1,level2,content,ccmOrder,deleteFlag,addedBy,createdDate,updatedDate) VALUES (30,'',1,8,2,30,8,0,'admin','2014-6-3',null);
INSERT INTO FACT_ccm (ccmKey,ccmLabel,level0,level1,level2,content,ccmOrder,deleteFlag,addedBy,createdDate,updatedDate) VALUES (31,'',1,8,3,31,8,0,'admin','2014-6-3',null);
INSERT INTO FACT_ccm (ccmKey,ccmLabel,level0,level1,level2,content,ccmOrder,deleteFlag,addedBy,createdDate,updatedDate) VALUES (32,'',1,8,4,32,8,0,'admin','2014-6-3',null);
INSERT INTO FACT_ccm (ccmKey,ccmLabel,level0,level1,level2,content,ccmOrder,deleteFlag,addedBy,createdDate,updatedDate) VALUES (33,'',1,9,1,33,9,0,'admin','2014-6-3',null);
INSERT INTO FACT_ccm (ccmKey,ccmLabel,level0,level1,level2,content,ccmOrder,deleteFlag,addedBy,createdDate,updatedDate) VALUES (34,'',1,9,2,34,9,0,'admin','2014-6-3',null);
INSERT INTO FACT_ccm (ccmKey,ccmLabel,level0,level1,level2,content,ccmOrder,deleteFlag,addedBy,createdDate,updatedDate) VALUES (35,'',1,9,3,35,9,0,'admin','2014-6-3',null);
INSERT INTO FACT_ccm (ccmKey,ccmLabel,level0,level1,level2,content,ccmOrder,deleteFlag,addedBy,createdDate,updatedDate) VALUES (36,'',1,9,4,36,9,0,'admin','2014-6-3',null);
INSERT INTO FACT_ccm (ccmKey,ccmLabel,level0,level1,level2,content,ccmOrder,deleteFlag,addedBy,createdDate,updatedDate) VALUES (37,'',1,10,1,37,10,0,'admin','2014-6-3',null);
INSERT INTO FACT_ccm (ccmKey,ccmLabel,level0,level1,level2,content,ccmOrder,deleteFlag,addedBy,createdDate,updatedDate) VALUES (38,'',1,10,2,38,10,0,'admin','2014-6-3',null);
INSERT INTO FACT_ccm (ccmKey,ccmLabel,level0,level1,level2,content,ccmOrder,deleteFlag,addedBy,createdDate,updatedDate) VALUES (39,'',1,10,3,39,10,0,'admin','2014-6-3',null);
INSERT INTO FACT_ccm (ccmKey,ccmLabel,level0,level1,level2,content,ccmOrder,deleteFlag,addedBy,createdDate,updatedDate) VALUES (40,'',1,10,4,40,10,0,'admin','2014-6-3',null);
INSERT INTO FACT_ccm (ccmKey,ccmLabel,level0,level1,level2,content,ccmOrder,deleteFlag,addedBy,createdDate,updatedDate) VALUES (41,'',1,11,1,41,11,0,'admin','2014-6-3',null);
INSERT INTO FACT_ccm (ccmKey,ccmLabel,level0,level1,level2,content,ccmOrder,deleteFlag,addedBy,createdDate,updatedDate) VALUES (42,'',1,11,2,42,11,0,'admin','2014-6-3',null);
INSERT INTO FACT_ccm (ccmKey,ccmLabel,level0,level1,level2,content,ccmOrder,deleteFlag,addedBy,createdDate,updatedDate) VALUES (43,'',1,11,3,43,11,0,'admin','2014-6-3',null);
INSERT INTO FACT_ccm (ccmKey,ccmLabel,level0,level1,level2,content,ccmOrder,deleteFlag,addedBy,createdDate,updatedDate) VALUES (44,'',1,11,4,44,11,0,'admin','2014-6-3',null);
INSERT INTO FACT_ccm (ccmKey,ccmLabel,level0,level1,level2,content,ccmOrder,deleteFlag,addedBy,createdDate,updatedDate) VALUES (45,'',1,12,1,45,12,0,'admin','2014-6-3',null);
INSERT INTO FACT_ccm (ccmKey,ccmLabel,level0,level1,level2,content,ccmOrder,deleteFlag,addedBy,createdDate,updatedDate) VALUES (46,'',1,12,2,46,12,0,'admin','2014-6-3',null);
INSERT INTO FACT_ccm (ccmKey,ccmLabel,level0,level1,level2,content,ccmOrder,deleteFlag,addedBy,createdDate,updatedDate) VALUES (47,'',1,12,3,47,12,0,'admin','2014-6-3',null);
INSERT INTO FACT_ccm (ccmKey,ccmLabel,level0,level1,level2,content,ccmOrder,deleteFlag,addedBy,createdDate,updatedDate) VALUES (48,'',1,12,4,48,12,0,'admin','2014-6-3',null);
INSERT INTO FACT_ccm (ccmKey,ccmLabel,level0,level1,level2,content,ccmOrder,deleteFlag,addedBy,createdDate,updatedDate) VALUES (49,'',1,13,1,49,13,0,'admin','2014-6-3',null);
INSERT INTO FACT_ccm (ccmKey,ccmLabel,level0,level1,level2,content,ccmOrder,deleteFlag,addedBy,createdDate,updatedDate) VALUES (50,'',1,13,2,50,13,0,'admin','2014-6-3',null);
INSERT INTO FACT_ccm (ccmKey,ccmLabel,level0,level1,level2,content,ccmOrder,deleteFlag,addedBy,createdDate,updatedDate) VALUES (51,'',1,13,3,51,13,0,'admin','2014-6-3',null);
INSERT INTO FACT_ccm (ccmKey,ccmLabel,level0,level1,level2,content,ccmOrder,deleteFlag,addedBy,createdDate,updatedDate) VALUES (52,'',1,13,4,52,13,0,'admin','2014-6-3',null);
INSERT INTO FACT_ccm (ccmKey,ccmLabel,level0,level1,level2,content,ccmOrder,deleteFlag,addedBy,createdDate,updatedDate) VALUES (53,'',2,14,1,53,14,0,'admin','2014-6-3',null);
INSERT INTO FACT_ccm (ccmKey,ccmLabel,level0,level1,level2,content,ccmOrder,deleteFlag,addedBy,createdDate,updatedDate) VALUES (54,'',2,14,2,54,14,0,'admin','2014-6-3',null);
INSERT INTO FACT_ccm (ccmKey,ccmLabel,level0,level1,level2,content,ccmOrder,deleteFlag,addedBy,createdDate,updatedDate) VALUES (55,'',2,14,3,55,14,0,'admin','2014-6-3',null);
INSERT INTO FACT_ccm (ccmKey,ccmLabel,level0,level1,level2,content,ccmOrder,deleteFlag,addedBy,createdDate,updatedDate) VALUES (56,'',2,14,4,56,14,0,'admin','2014-6-3',null);
INSERT INTO FACT_ccm (ccmKey,ccmLabel,level0,level1,level2,content,ccmOrder,deleteFlag,addedBy,createdDate,updatedDate) VALUES (57,'',2,15,1,57,15,0,'admin','2014-6-3',null);
INSERT INTO FACT_ccm (ccmKey,ccmLabel,level0,level1,level2,content,ccmOrder,deleteFlag,addedBy,createdDate,updatedDate) VALUES (58,'',2,15,2,58,15,0,'admin','2014-6-3',null);
INSERT INTO FACT_ccm (ccmKey,ccmLabel,level0,level1,level2,content,ccmOrder,deleteFlag,addedBy,createdDate,updatedDate) VALUES (59,'',2,15,3,59,15,0,'admin','2014-6-3',null);
INSERT INTO FACT_ccm (ccmKey,ccmLabel,level0,level1,level2,content,ccmOrder,deleteFlag,addedBy,createdDate,updatedDate) VALUES (60,'',2,15,4,60,15,0,'admin','2014-6-3',null);
INSERT INTO FACT_ccm (ccmKey,ccmLabel,level0,level1,level2,content,ccmOrder,deleteFlag,addedBy,createdDate,updatedDate) VALUES (61,'',2,16,1,61,16,0,'admin','2014-6-3',null);
INSERT INTO FACT_ccm (ccmKey,ccmLabel,level0,level1,level2,content,ccmOrder,deleteFlag,addedBy,createdDate,updatedDate) VALUES (62,'',2,16,2,62,16,0,'admin','2014-6-3',null);
INSERT INTO FACT_ccm (ccmKey,ccmLabel,level0,level1,level2,content,ccmOrder,deleteFlag,addedBy,createdDate,updatedDate) VALUES (63,'',2,16,3,63,16,0,'admin','2014-6-3',null);
INSERT INTO FACT_ccm (ccmKey,ccmLabel,level0,level1,level2,content,ccmOrder,deleteFlag,addedBy,createdDate,updatedDate) VALUES (64,'',2,16,4,64,16,0,'admin','2014-6-3',null);
INSERT INTO FACT_ccm (ccmKey,ccmLabel,level0,level1,level2,content,ccmOrder,deleteFlag,addedBy,createdDate,updatedDate) VALUES (65,'',2,17,1,65,17,0,'admin','2014-6-3',null);
INSERT INTO FACT_ccm (ccmKey,ccmLabel,level0,level1,level2,content,ccmOrder,deleteFlag,addedBy,createdDate,updatedDate) VALUES (66,'',2,17,2,66,17,0,'admin','2014-6-3',null);
INSERT INTO FACT_ccm (ccmKey,ccmLabel,level0,level1,level2,content,ccmOrder,deleteFlag,addedBy,createdDate,updatedDate) VALUES (67,'',2,17,3,67,17,0,'admin','2014-6-3',null);
INSERT INTO FACT_ccm (ccmKey,ccmLabel,level0,level1,level2,content,ccmOrder,deleteFlag,addedBy,createdDate,updatedDate) VALUES (68,'',2,17,4,68,17,0,'admin','2014-6-3',null);
INSERT INTO FACT_ccm (ccmKey,ccmLabel,level0,level1,level2,content,ccmOrder,deleteFlag,addedBy,createdDate,updatedDate) VALUES (69,'',2,18,1,69,18,0,'admin','2014-6-3',null);
INSERT INTO FACT_ccm (ccmKey,ccmLabel,level0,level1,level2,content,ccmOrder,deleteFlag,addedBy,createdDate,updatedDate) VALUES (70,'',2,18,2,70,18,0,'admin','2014-6-3',null);
INSERT INTO FACT_ccm (ccmKey,ccmLabel,level0,level1,level2,content,ccmOrder,deleteFlag,addedBy,createdDate,updatedDate) VALUES (71,'',2,18,3,71,18,0,'admin','2014-6-3',null);
INSERT INTO FACT_ccm (ccmKey,ccmLabel,level0,level1,level2,content,ccmOrder,deleteFlag,addedBy,createdDate,updatedDate) VALUES (72,'',2,18,4,72,18,0,'admin','2014-6-3',null);
INSERT INTO FACT_ccm (ccmKey,ccmLabel,level0,level1,level2,content,ccmOrder,deleteFlag,addedBy,createdDate,updatedDate) VALUES (73,'',2,19,1,73,19,0,'admin','2014-6-3',null);
INSERT INTO FACT_ccm (ccmKey,ccmLabel,level0,level1,level2,content,ccmOrder,deleteFlag,addedBy,createdDate,updatedDate) VALUES (74,'',2,19,2,74,19,0,'admin','2014-6-3',null);
INSERT INTO FACT_ccm (ccmKey,ccmLabel,level0,level1,level2,content,ccmOrder,deleteFlag,addedBy,createdDate,updatedDate) VALUES (75,'',2,19,3,75,19,0,'admin','2014-6-3',null);
INSERT INTO FACT_ccm (ccmKey,ccmLabel,level0,level1,level2,content,ccmOrder,deleteFlag,addedBy,createdDate,updatedDate) VALUES (76,'',2,19,4,76,19,0,'admin','2014-6-3',null);
INSERT INTO FACT_ccm (ccmKey,ccmLabel,level0,level1,level2,content,ccmOrder,deleteFlag,addedBy,createdDate,updatedDate) VALUES (77,'',2,20,1,77,20,0,'admin','2014-6-3',null);
INSERT INTO FACT_ccm (ccmKey,ccmLabel,level0,level1,level2,content,ccmOrder,deleteFlag,addedBy,createdDate,updatedDate) VALUES (78,'',2,20,2,78,20,0,'admin','2014-6-3',null);
INSERT INTO FACT_ccm (ccmKey,ccmLabel,level0,level1,level2,content,ccmOrder,deleteFlag,addedBy,createdDate,updatedDate) VALUES (79,'',2,20,3,79,20,0,'admin','2014-6-3',null);
INSERT INTO FACT_ccm (ccmKey,ccmLabel,level0,level1,level2,content,ccmOrder,deleteFlag,addedBy,createdDate,updatedDate) VALUES (80,'',2,20,4,80,20,0,'admin','2014-6-3',null);
INSERT INTO FACT_ccm (ccmKey,ccmLabel,level0,level1,level2,content,ccmOrder,deleteFlag,addedBy,createdDate,updatedDate) VALUES (81,'',2,21,1,81,21,0,'admin','2014-6-3',null);
INSERT INTO FACT_ccm (ccmKey,ccmLabel,level0,level1,level2,content,ccmOrder,deleteFlag,addedBy,createdDate,updatedDate) VALUES (82,'',2,21,2,82,21,0,'admin','2014-6-3',null);
INSERT INTO FACT_ccm (ccmKey,ccmLabel,level0,level1,level2,content,ccmOrder,deleteFlag,addedBy,createdDate,updatedDate) VALUES (83,'',2,21,3,83,21,0,'admin','2014-6-3',null);
INSERT INTO FACT_ccm (ccmKey,ccmLabel,level0,level1,level2,content,ccmOrder,deleteFlag,addedBy,createdDate,updatedDate) VALUES (84,'',2,21,4,84,21,0,'admin','2014-6-3',null);
INSERT INTO FACT_ccm (ccmKey,ccmLabel,level0,level1,level2,content,ccmOrder,deleteFlag,addedBy,createdDate,updatedDate) VALUES (85,'',2,22,1,85,22,0,'admin','2014-6-3',null);
INSERT INTO FACT_ccm (ccmKey,ccmLabel,level0,level1,level2,content,ccmOrder,deleteFlag,addedBy,createdDate,updatedDate) VALUES (86,'',2,22,2,86,22,0,'admin','2014-6-3',null);
INSERT INTO FACT_ccm (ccmKey,ccmLabel,level0,level1,level2,content,ccmOrder,deleteFlag,addedBy,createdDate,updatedDate) VALUES (87,'',2,22,3,87,22,0,'admin','2014-6-3',null);
INSERT INTO FACT_ccm (ccmKey,ccmLabel,level0,level1,level2,content,ccmOrder,deleteFlag,addedBy,createdDate,updatedDate) VALUES (88,'',2,22,4,88,22,0,'admin','2014-6-3',null);
INSERT INTO FACT_ccm (ccmKey,ccmLabel,level0,level1,level2,content,ccmOrder,deleteFlag,addedBy,createdDate,updatedDate) VALUES (89,'',2,23,1,89,23,0,'admin','2014-6-3',null);
INSERT INTO FACT_ccm (ccmKey,ccmLabel,level0,level1,level2,content,ccmOrder,deleteFlag,addedBy,createdDate,updatedDate) VALUES (90,'',2,23,2,90,23,0,'admin','2014-6-3',null);
INSERT INTO FACT_ccm (ccmKey,ccmLabel,level0,level1,level2,content,ccmOrder,deleteFlag,addedBy,createdDate,updatedDate) VALUES (91,'',2,23,3,91,23,0,'admin','2014-6-3',null);
INSERT INTO FACT_ccm (ccmKey,ccmLabel,level0,level1,level2,content,ccmOrder,deleteFlag,addedBy,createdDate,updatedDate) VALUES (92,'',2,23,4,92,23,0,'admin','2014-6-3',null);
INSERT INTO FACT_ccm (ccmKey,ccmLabel,level0,level1,level2,content,ccmOrder,deleteFlag,addedBy,createdDate,updatedDate) VALUES (93,'',2,24,1,93,24,0,'admin','2014-6-3',null);
INSERT INTO FACT_ccm (ccmKey,ccmLabel,level0,level1,level2,content,ccmOrder,deleteFlag,addedBy,createdDate,updatedDate) VALUES (94,'',2,24,2,94,24,0,'admin','2014-6-3',null);
INSERT INTO FACT_ccm (ccmKey,ccmLabel,level0,level1,level2,content,ccmOrder,deleteFlag,addedBy,createdDate,updatedDate) VALUES (95,'',2,24,3,95,24,0,'admin','2014-6-3',null);
INSERT INTO FACT_ccm (ccmKey,ccmLabel,level0,level1,level2,content,ccmOrder,deleteFlag,addedBy,createdDate,updatedDate) VALUES (96,'',2,24,4,96,24,0,'admin','2014-6-3',null);
INSERT INTO FACT_ccm (ccmKey,ccmLabel,level0,level1,level2,content,ccmOrder,deleteFlag,addedBy,createdDate,updatedDate) VALUES (97,'',2,25,1,97,25,0,'admin','2014-6-3',null);
INSERT INTO FACT_ccm (ccmKey,ccmLabel,level0,level1,level2,content,ccmOrder,deleteFlag,addedBy,createdDate,updatedDate) VALUES (98,'',2,25,2,98,25,0,'admin','2014-6-3',null);
INSERT INTO FACT_ccm (ccmKey,ccmLabel,level0,level1,level2,content,ccmOrder,deleteFlag,addedBy,createdDate,updatedDate) VALUES (99,'',2,25,3,99,25,0,'admin','2014-6-3',null);
INSERT INTO FACT_ccm (ccmKey,ccmLabel,level0,level1,level2,content,ccmOrder,deleteFlag,addedBy,createdDate,updatedDate) VALUES (100,'',2,25,4,100,25,0,'admin','2014-6-3',null);
INSERT INTO FACT_ccm (ccmKey,ccmLabel,level0,level1,level2,content,ccmOrder,deleteFlag,addedBy,createdDate,updatedDate) VALUES (101,'',2,26,1,101,26,0,'admin','2014-6-3',null);
INSERT INTO FACT_ccm (ccmKey,ccmLabel,level0,level1,level2,content,ccmOrder,deleteFlag,addedBy,createdDate,updatedDate) VALUES (102,'',2,26,2,102,26,0,'admin','2014-6-3',null);
INSERT INTO FACT_ccm (ccmKey,ccmLabel,level0,level1,level2,content,ccmOrder,deleteFlag,addedBy,createdDate,updatedDate) VALUES (103,'',2,26,3,103,26,0,'admin','2014-6-3',null);
INSERT INTO FACT_ccm (ccmKey,ccmLabel,level0,level1,level2,content,ccmOrder,deleteFlag,addedBy,createdDate,updatedDate) VALUES (104,'',2,26,4,104,26,0,'admin','2014-6-3',null);
INSERT INTO FACT_ccm (ccmKey,ccmLabel,level0,level1,level2,content,ccmOrder,deleteFlag,addedBy,createdDate,updatedDate) VALUES (105,'',2,27,1,105,27,0,'admin','2014-6-3',null);
INSERT INTO FACT_ccm (ccmKey,ccmLabel,level0,level1,level2,content,ccmOrder,deleteFlag,addedBy,createdDate,updatedDate) VALUES (106,'',2,27,2,106,27,0,'admin','2014-6-3',null);
INSERT INTO FACT_ccm (ccmKey,ccmLabel,level0,level1,level2,content,ccmOrder,deleteFlag,addedBy,createdDate,updatedDate) VALUES (107,'',2,27,3,107,27,0,'admin','2014-6-3',null);
INSERT INTO FACT_ccm (ccmKey,ccmLabel,level0,level1,level2,content,ccmOrder,deleteFlag,addedBy,createdDate,updatedDate) VALUES (108,'',2,27,4,108,27,0,'admin','2014-6-3',null);
INSERT INTO FACT_ccm (ccmKey,ccmLabel,level0,level1,level2,content,ccmOrder,deleteFlag,addedBy,createdDate,updatedDate) VALUES (109,'',2,28,1,109,28,0,'admin','2014-6-3',null);
INSERT INTO FACT_ccm (ccmKey,ccmLabel,level0,level1,level2,content,ccmOrder,deleteFlag,addedBy,createdDate,updatedDate) VALUES (110,'',2,28,2,110,28,0,'admin','2014-6-3',null);
INSERT INTO FACT_ccm (ccmKey,ccmLabel,level0,level1,level2,content,ccmOrder,deleteFlag,addedBy,createdDate,updatedDate) VALUES (111,'',2,28,3,111,28,0,'admin','2014-6-3',null);
INSERT INTO FACT_ccm (ccmKey,ccmLabel,level0,level1,level2,content,ccmOrder,deleteFlag,addedBy,createdDate,updatedDate) VALUES (112,'',2,28,4,112,28,0,'admin','2014-6-3',null);
INSERT INTO FACT_ccm (ccmKey,ccmLabel,level0,level1,level2,content,ccmOrder,deleteFlag,addedBy,createdDate,updatedDate) VALUES (113,'',3,29,1,113,29,0,'admin','2014-6-3',null);
INSERT INTO FACT_ccm (ccmKey,ccmLabel,level0,level1,level2,content,ccmOrder,deleteFlag,addedBy,createdDate,updatedDate) VALUES (114,'',3,29,2,114,29,0,'admin','2014-6-3',null);
INSERT INTO FACT_ccm (ccmKey,ccmLabel,level0,level1,level2,content,ccmOrder,deleteFlag,addedBy,createdDate,updatedDate) VALUES (115,'',3,29,3,115,29,0,'admin','2014-6-3',null);
INSERT INTO FACT_ccm (ccmKey,ccmLabel,level0,level1,level2,content,ccmOrder,deleteFlag,addedBy,createdDate,updatedDate) VALUES (116,'',3,29,4,116,29,0,'admin','2014-6-3',null);
INSERT INTO FACT_ccm (ccmKey,ccmLabel,level0,level1,level2,content,ccmOrder,deleteFlag,addedBy,createdDate,updatedDate) VALUES (117,'',3,30,1,117,30,0,'admin','2014-6-3',null);
INSERT INTO FACT_ccm (ccmKey,ccmLabel,level0,level1,level2,content,ccmOrder,deleteFlag,addedBy,createdDate,updatedDate) VALUES (118,'',3,30,2,118,30,0,'admin','2014-6-3',null);
INSERT INTO FACT_ccm (ccmKey,ccmLabel,level0,level1,level2,content,ccmOrder,deleteFlag,addedBy,createdDate,updatedDate) VALUES (119,'',3,30,3,119,30,0,'admin','2014-6-3',null);
INSERT INTO FACT_ccm (ccmKey,ccmLabel,level0,level1,level2,content,ccmOrder,deleteFlag,addedBy,createdDate,updatedDate) VALUES (120,'',3,30,4,120,30,0,'admin','2014-6-3',null);
INSERT INTO FACT_ccm (ccmKey,ccmLabel,level0,level1,level2,content,ccmOrder,deleteFlag,addedBy,createdDate,updatedDate) VALUES (121,'',3,31,1,121,31,0,'admin','2014-6-3',null);
INSERT INTO FACT_ccm (ccmKey,ccmLabel,level0,level1,level2,content,ccmOrder,deleteFlag,addedBy,createdDate,updatedDate) VALUES (122,'',3,31,2,122,31,0,'admin','2014-6-3',null);
INSERT INTO FACT_ccm (ccmKey,ccmLabel,level0,level1,level2,content,ccmOrder,deleteFlag,addedBy,createdDate,updatedDate) VALUES (123,'',3,31,3,123,31,0,'admin','2014-6-3',null);
INSERT INTO FACT_ccm (ccmKey,ccmLabel,level0,level1,level2,content,ccmOrder,deleteFlag,addedBy,createdDate,updatedDate) VALUES (124,'',3,31,4,124,31,0,'admin','2014-6-3',null);
INSERT INTO FACT_ccm (ccmKey,ccmLabel,level0,level1,level2,content,ccmOrder,deleteFlag,addedBy,createdDate,updatedDate) VALUES (125,'',3,32,1,125,32,0,'admin','2014-6-3',null);
INSERT INTO FACT_ccm (ccmKey,ccmLabel,level0,level1,level2,content,ccmOrder,deleteFlag,addedBy,createdDate,updatedDate) VALUES (126,'',3,32,2,126,32,0,'admin','2014-6-3',null);
INSERT INTO FACT_ccm (ccmKey,ccmLabel,level0,level1,level2,content,ccmOrder,deleteFlag,addedBy,createdDate,updatedDate) VALUES (127,'',3,32,3,127,32,0,'admin','2014-6-3',null);
INSERT INTO FACT_ccm (ccmKey,ccmLabel,level0,level1,level2,content,ccmOrder,deleteFlag,addedBy,createdDate,updatedDate) VALUES (128,'',3,32,4,128,32,0,'admin','2014-6-3',null);
INSERT INTO FACT_ccm (ccmKey,ccmLabel,level0,level1,level2,content,ccmOrder,deleteFlag,addedBy,createdDate,updatedDate) VALUES (129,'',3,33,1,129,33,0,'admin','2014-6-3',null);
INSERT INTO FACT_ccm (ccmKey,ccmLabel,level0,level1,level2,content,ccmOrder,deleteFlag,addedBy,createdDate,updatedDate) VALUES (130,'',3,33,2,130,33,0,'admin','2014-6-3',null);
INSERT INTO FACT_ccm (ccmKey,ccmLabel,level0,level1,level2,content,ccmOrder,deleteFlag,addedBy,createdDate,updatedDate) VALUES (131,'',3,33,3,131,33,0,'admin','2014-6-3',null);
INSERT INTO FACT_ccm (ccmKey,ccmLabel,level0,level1,level2,content,ccmOrder,deleteFlag,addedBy,createdDate,updatedDate) VALUES (132,'',3,33,4,132,33,0,'admin','2014-6-3',null);
INSERT INTO FACT_ccm (ccmKey,ccmLabel,level0,level1,level2,content,ccmOrder,deleteFlag,addedBy,createdDate,updatedDate) VALUES (133,'',3,34,1,133,34,0,'admin','2014-6-3',null);
INSERT INTO FACT_ccm (ccmKey,ccmLabel,level0,level1,level2,content,ccmOrder,deleteFlag,addedBy,createdDate,updatedDate) VALUES (134,'',3,34,2,134,34,0,'admin','2014-6-3',null);
INSERT INTO FACT_ccm (ccmKey,ccmLabel,level0,level1,level2,content,ccmOrder,deleteFlag,addedBy,createdDate,updatedDate) VALUES (135,'',3,34,3,135,34,0,'admin','2014-6-3',null);
INSERT INTO FACT_ccm (ccmKey,ccmLabel,level0,level1,level2,content,ccmOrder,deleteFlag,addedBy,createdDate,updatedDate) VALUES (136,'',3,34,4,136,34,0,'admin','2014-6-3',null);
INSERT INTO FACT_ccm (ccmKey,ccmLabel,level0,level1,level2,content,ccmOrder,deleteFlag,addedBy,createdDate,updatedDate) VALUES (137,'',3,35,1,137,35,0,'admin','2014-6-3',null);
INSERT INTO FACT_ccm (ccmKey,ccmLabel,level0,level1,level2,content,ccmOrder,deleteFlag,addedBy,createdDate,updatedDate) VALUES (138,'',3,35,2,138,35,0,'admin','2014-6-3',null);
INSERT INTO FACT_ccm (ccmKey,ccmLabel,level0,level1,level2,content,ccmOrder,deleteFlag,addedBy,createdDate,updatedDate) VALUES (139,'',3,35,3,139,35,0,'admin','2014-6-3',null);
INSERT INTO FACT_ccm (ccmKey,ccmLabel,level0,level1,level2,content,ccmOrder,deleteFlag,addedBy,createdDate,updatedDate) VALUES (140,'',3,35,4,140,35,0,'admin','2014-6-3',null);
INSERT INTO FACT_ccm (ccmKey,ccmLabel,level0,level1,level2,content,ccmOrder,deleteFlag,addedBy,createdDate,updatedDate) VALUES (141,'',3,36,1,141,36,0,'admin','2014-6-3',null);
INSERT INTO FACT_ccm (ccmKey,ccmLabel,level0,level1,level2,content,ccmOrder,deleteFlag,addedBy,createdDate,updatedDate) VALUES (142,'',3,36,2,142,36,0,'admin','2014-6-3',null);
INSERT INTO FACT_ccm (ccmKey,ccmLabel,level0,level1,level2,content,ccmOrder,deleteFlag,addedBy,createdDate,updatedDate) VALUES (143,'',3,36,3,143,36,0,'admin','2014-6-3',null);
INSERT INTO FACT_ccm (ccmKey,ccmLabel,level0,level1,level2,content,ccmOrder,deleteFlag,addedBy,createdDate,updatedDate) VALUES (144,'',3,36,4,144,36,0,'admin','2014-6-3',null);
INSERT INTO FACT_ccm (ccmKey,ccmLabel,level0,level1,level2,content,ccmOrder,deleteFlag,addedBy,createdDate,updatedDate) VALUES (145,'',3,37,1,145,37,0,'admin','2014-6-3',null);
INSERT INTO FACT_ccm (ccmKey,ccmLabel,level0,level1,level2,content,ccmOrder,deleteFlag,addedBy,createdDate,updatedDate) VALUES (146,'',3,37,2,146,37,0,'admin','2014-6-3',null);
INSERT INTO FACT_ccm (ccmKey,ccmLabel,level0,level1,level2,content,ccmOrder,deleteFlag,addedBy,createdDate,updatedDate) VALUES (147,'',3,37,3,147,37,0,'admin','2014-6-3',null);
INSERT INTO FACT_ccm (ccmKey,ccmLabel,level0,level1,level2,content,ccmOrder,deleteFlag,addedBy,createdDate,updatedDate) VALUES (148,'',3,37,4,148,37,0,'admin','2014-6-3',null);
INSERT INTO FACT_ccm (ccmKey,ccmLabel,level0,level1,level2,content,ccmOrder,deleteFlag,addedBy,createdDate,updatedDate) VALUES (149,'',3,38,1,149,38,0,'admin','2014-6-3',null);
INSERT INTO FACT_ccm (ccmKey,ccmLabel,level0,level1,level2,content,ccmOrder,deleteFlag,addedBy,createdDate,updatedDate) VALUES (150,'',3,38,2,150,38,0,'admin','2014-6-3',null);
INSERT INTO FACT_ccm (ccmKey,ccmLabel,level0,level1,level2,content,ccmOrder,deleteFlag,addedBy,createdDate,updatedDate) VALUES (151,'',3,38,3,151,38,0,'admin','2014-6-3',null);
INSERT INTO FACT_ccm (ccmKey,ccmLabel,level0,level1,level2,content,ccmOrder,deleteFlag,addedBy,createdDate,updatedDate) VALUES (152,'',3,38,4,152,38,0,'admin','2014-6-3',null);
INSERT INTO FACT_ccm (ccmKey,ccmLabel,level0,level1,level2,content,ccmOrder,deleteFlag,addedBy,createdDate,updatedDate) VALUES (153,'',3,39,1,153,39,0,'admin','2014-6-3',null);
INSERT INTO FACT_ccm (ccmKey,ccmLabel,level0,level1,level2,content,ccmOrder,deleteFlag,addedBy,createdDate,updatedDate) VALUES (154,'',3,39,2,154,39,0,'admin','2014-6-3',null);
INSERT INTO FACT_ccm (ccmKey,ccmLabel,level0,level1,level2,content,ccmOrder,deleteFlag,addedBy,createdDate,updatedDate) VALUES (155,'',3,39,3,155,39,0,'admin','2014-6-3',null);
INSERT INTO FACT_ccm (ccmKey,ccmLabel,level0,level1,level2,content,ccmOrder,deleteFlag,addedBy,createdDate,updatedDate) VALUES (156,'',3,39,4,156,39,0,'admin','2014-6-3',null);
INSERT INTO FACT_ccm (ccmKey,ccmLabel,level0,level1,level2,content,ccmOrder,deleteFlag,addedBy,createdDate,updatedDate) VALUES (157,'',3,40,1,157,40,0,'admin','2014-6-3',null);
INSERT INTO FACT_ccm (ccmKey,ccmLabel,level0,level1,level2,content,ccmOrder,deleteFlag,addedBy,createdDate,updatedDate) VALUES (158,'',3,40,2,158,40,0,'admin','2014-6-3',null);
INSERT INTO FACT_ccm (ccmKey,ccmLabel,level0,level1,level2,content,ccmOrder,deleteFlag,addedBy,createdDate,updatedDate) VALUES (159,'',3,40,3,159,40,0,'admin','2014-6-3',null);
INSERT INTO FACT_ccm (ccmKey,ccmLabel,level0,level1,level2,content,ccmOrder,deleteFlag,addedBy,createdDate,updatedDate) VALUES (160,'',3,40,4,160,40,0,'admin','2014-6-3',null);
INSERT INTO FACT_ccm (ccmKey,ccmLabel,level0,level1,level2,content,ccmOrder,deleteFlag,addedBy,createdDate,updatedDate) VALUES (161,'',3,41,1,161,41,0,'admin','2014-6-3',null);
INSERT INTO FACT_ccm (ccmKey,ccmLabel,level0,level1,level2,content,ccmOrder,deleteFlag,addedBy,createdDate,updatedDate) VALUES (162,'',3,41,2,162,41,0,'admin','2014-6-3',null);
INSERT INTO FACT_ccm (ccmKey,ccmLabel,level0,level1,level2,content,ccmOrder,deleteFlag,addedBy,createdDate,updatedDate) VALUES (163,'',3,41,3,163,41,0,'admin','2014-6-3',null);
INSERT INTO FACT_ccm (ccmKey,ccmLabel,level0,level1,level2,content,ccmOrder,deleteFlag,addedBy,createdDate,updatedDate) VALUES (164,'',3,41,4,164,41,0,'admin','2014-6-3',null);
INSERT INTO FACT_ccm (ccmKey,ccmLabel,level0,level1,level2,content,ccmOrder,deleteFlag,addedBy,createdDate,updatedDate) VALUES (165,'',3,42,1,165,42,0,'admin','2014-6-3',null);
INSERT INTO FACT_ccm (ccmKey,ccmLabel,level0,level1,level2,content,ccmOrder,deleteFlag,addedBy,createdDate,updatedDate) VALUES (166,'',3,42,2,166,42,0,'admin','2014-6-3',null);
INSERT INTO FACT_ccm (ccmKey,ccmLabel,level0,level1,level2,content,ccmOrder,deleteFlag,addedBy,createdDate,updatedDate) VALUES (167,'',3,42,3,167,42,0,'admin','2014-6-3',null);
INSERT INTO FACT_ccm (ccmKey,ccmLabel,level0,level1,level2,content,ccmOrder,deleteFlag,addedBy,createdDate,updatedDate) VALUES (168,'',3,42,4,168,42,0,'admin','2014-6-3',null);
INSERT INTO FACT_ccm (ccmKey,ccmLabel,level0,level1,level2,content,ccmOrder,deleteFlag,addedBy,createdDate,updatedDate) VALUES (169,'',3,43,1,169,43,0,'admin','2014-6-3',null);
INSERT INTO FACT_ccm (ccmKey,ccmLabel,level0,level1,level2,content,ccmOrder,deleteFlag,addedBy,createdDate,updatedDate) VALUES (170,'',3,43,2,170,43,0,'admin','2014-6-3',null);
INSERT INTO FACT_ccm (ccmKey,ccmLabel,level0,level1,level2,content,ccmOrder,deleteFlag,addedBy,createdDate,updatedDate) VALUES (171,'',3,43,3,171,43,0,'admin','2014-6-3',null);
INSERT INTO FACT_ccm (ccmKey,ccmLabel,level0,level1,level2,content,ccmOrder,deleteFlag,addedBy,createdDate,updatedDate) VALUES (172,'',3,43,4,172,43,0,'admin','2014-6-3',null);
INSERT INTO FACT_ccm (ccmKey,ccmLabel,level0,level1,level2,content,ccmOrder,deleteFlag,addedBy,createdDate,updatedDate) VALUES (173,'',3,44,1,173,44,0,'admin','2014-6-3',null);
INSERT INTO FACT_ccm (ccmKey,ccmLabel,level0,level1,level2,content,ccmOrder,deleteFlag,addedBy,createdDate,updatedDate) VALUES (174,'',3,44,2,174,44,0,'admin','2014-6-3',null);
INSERT INTO FACT_ccm (ccmKey,ccmLabel,level0,level1,level2,content,ccmOrder,deleteFlag,addedBy,createdDate,updatedDate) VALUES (175,'',3,44,3,175,44,0,'admin','2014-6-3',null);
INSERT INTO FACT_ccm (ccmKey,ccmLabel,level0,level1,level2,content,ccmOrder,deleteFlag,addedBy,createdDate,updatedDate) VALUES (176,'',3,44,4,176,44,0,'admin','2014-6-3',null);
INSERT INTO FACT_ccm (ccmKey,ccmLabel,level0,level1,level2,content,ccmOrder,deleteFlag,addedBy,createdDate,updatedDate) VALUES (177,'',4,45,1,177,45,0,'admin','2014-6-3',null);
INSERT INTO FACT_ccm (ccmKey,ccmLabel,level0,level1,level2,content,ccmOrder,deleteFlag,addedBy,createdDate,updatedDate) VALUES (178,'',4,45,2,178,45,0,'admin','2014-6-3',null);
INSERT INTO FACT_ccm (ccmKey,ccmLabel,level0,level1,level2,content,ccmOrder,deleteFlag,addedBy,createdDate,updatedDate) VALUES (179,'',4,45,3,179,45,0,'admin','2014-6-3',null);
INSERT INTO FACT_ccm (ccmKey,ccmLabel,level0,level1,level2,content,ccmOrder,deleteFlag,addedBy,createdDate,updatedDate) VALUES (180,'',4,45,4,180,45,0,'admin','2014-6-3',null);
INSERT INTO FACT_ccm (ccmKey,ccmLabel,level0,level1,level2,content,ccmOrder,deleteFlag,addedBy,createdDate,updatedDate) VALUES (181,'',4,46,1,181,46,0,'admin','2014-6-3',null);
INSERT INTO FACT_ccm (ccmKey,ccmLabel,level0,level1,level2,content,ccmOrder,deleteFlag,addedBy,createdDate,updatedDate) VALUES (182,'',4,46,2,182,46,0,'admin','2014-6-3',null);
INSERT INTO FACT_ccm (ccmKey,ccmLabel,level0,level1,level2,content,ccmOrder,deleteFlag,addedBy,createdDate,updatedDate) VALUES (183,'',4,46,3,183,46,0,'admin','2014-6-3',null);
INSERT INTO FACT_ccm (ccmKey,ccmLabel,level0,level1,level2,content,ccmOrder,deleteFlag,addedBy,createdDate,updatedDate) VALUES (184,'',4,46,4,184,46,0,'admin','2014-6-3',null);
INSERT INTO FACT_ccm (ccmKey,ccmLabel,level0,level1,level2,content,ccmOrder,deleteFlag,addedBy,createdDate,updatedDate) VALUES (185,'',4,47,1,185,47,0,'admin','2014-6-3',null);
INSERT INTO FACT_ccm (ccmKey,ccmLabel,level0,level1,level2,content,ccmOrder,deleteFlag,addedBy,createdDate,updatedDate) VALUES (186,'',4,47,2,186,47,0,'admin','2014-6-3',null);
INSERT INTO FACT_ccm (ccmKey,ccmLabel,level0,level1,level2,content,ccmOrder,deleteFlag,addedBy,createdDate,updatedDate) VALUES (187,'',4,47,3,187,47,0,'admin','2014-6-3',null);
INSERT INTO FACT_ccm (ccmKey,ccmLabel,level0,level1,level2,content,ccmOrder,deleteFlag,addedBy,createdDate,updatedDate) VALUES (188,'',4,47,4,188,47,0,'admin','2014-6-3',null);
INSERT INTO FACT_ccm (ccmKey,ccmLabel,level0,level1,level2,content,ccmOrder,deleteFlag,addedBy,createdDate,updatedDate) VALUES (189,'',4,48,1,189,48,0,'admin','2014-6-3',null);
INSERT INTO FACT_ccm (ccmKey,ccmLabel,level0,level1,level2,content,ccmOrder,deleteFlag,addedBy,createdDate,updatedDate) VALUES (190,'',4,48,2,190,48,0,'admin','2014-6-3',null);
INSERT INTO FACT_ccm (ccmKey,ccmLabel,level0,level1,level2,content,ccmOrder,deleteFlag,addedBy,createdDate,updatedDate) VALUES (191,'',4,48,3,191,48,0,'admin','2014-6-3',null);
INSERT INTO FACT_ccm (ccmKey,ccmLabel,level0,level1,level2,content,ccmOrder,deleteFlag,addedBy,createdDate,updatedDate) VALUES (192,'',4,48,4,192,48,0,'admin','2014-6-3',null);
INSERT INTO FACT_ccm (ccmKey,ccmLabel,level0,level1,level2,content,ccmOrder,deleteFlag,addedBy,createdDate,updatedDate) VALUES (193,'',4,49,1,193,49,0,'admin','2014-6-3',null);
INSERT INTO FACT_ccm (ccmKey,ccmLabel,level0,level1,level2,content,ccmOrder,deleteFlag,addedBy,createdDate,updatedDate) VALUES (194,'',4,49,2,194,49,0,'admin','2014-6-3',null);
INSERT INTO FACT_ccm (ccmKey,ccmLabel,level0,level1,level2,content,ccmOrder,deleteFlag,addedBy,createdDate,updatedDate) VALUES (195,'',4,49,3,195,49,0,'admin','2014-6-3',null);
INSERT INTO FACT_ccm (ccmKey,ccmLabel,level0,level1,level2,content,ccmOrder,deleteFlag,addedBy,createdDate,updatedDate) VALUES (196,'',4,49,4,196,49,0,'admin','2014-6-3',null);
