,,,,,,,,,ccmLabel,level0,level1,level2,contentHTML,ccmOrder,deleteFlag,addedBy,createdDate,updatedDate
INSERT INTO FACT_ccm (ccmLabel,level0,level1,level2,contentHTML,ccmOrder,deleteFlag,addedBy,createdDate,updatedDate) VALUES ('',1,1,1,null,1,0,'admin','2014-6-3',null);
INSERT INTO FACT_ccm (ccmLabel,level0,level1,level2,contentHTML,ccmOrder,deleteFlag,addedBy,createdDate,updatedDate) VALUES ('',1,1,2,null,1,0,'admin','2014-6-3',null);
INSERT INTO FACT_ccm (ccmLabel,level0,level1,level2,contentHTML,ccmOrder,deleteFlag,addedBy,createdDate,updatedDate) VALUES ('',1,1,3,null,1,0,'admin','2014-6-3',null);
INSERT INTO FACT_ccm (ccmLabel,level0,level1,level2,contentHTML,ccmOrder,deleteFlag,addedBy,createdDate,updatedDate) VALUES ('',1,1,4,null,1,0,'admin','2014-6-3',null);
INSERT INTO FACT_ccm (ccmLabel,level0,level1,level2,contentHTML,ccmOrder,deleteFlag,addedBy,createdDate,updatedDate) VALUES ('',1,2,1,null,2,0,'admin','2014-6-3',null);
INSERT INTO FACT_ccm (ccmLabel,level0,level1,level2,contentHTML,ccmOrder,deleteFlag,addedBy,createdDate,updatedDate) VALUES ('',1,2,2,null,2,0,'admin','2014-6-3',null);
INSERT INTO FACT_ccm (ccmLabel,level0,level1,level2,contentHTML,ccmOrder,deleteFlag,addedBy,createdDate,updatedDate) VALUES ('',1,2,3,null,2,0,'admin','2014-6-3',null);
INSERT INTO FACT_ccm (ccmLabel,level0,level1,level2,contentHTML,ccmOrder,deleteFlag,addedBy,createdDate,updatedDate) VALUES ('',1,2,4,null,2,0,'admin','2014-6-3',null);
INSERT INTO FACT_ccm (ccmLabel,level0,level1,level2,contentHTML,ccmOrder,deleteFlag,addedBy,createdDate,updatedDate) VALUES ('',1,3,1,null,3,0,'admin','2014-6-3',null);
INSERT INTO FACT_ccm (ccmLabel,level0,level1,level2,contentHTML,ccmOrder,deleteFlag,addedBy,createdDate,updatedDate) VALUES ('',1,3,2,null,3,0,'admin','2014-6-3',null);
INSERT INTO FACT_ccm (ccmLabel,level0,level1,level2,contentHTML,ccmOrder,deleteFlag,addedBy,createdDate,updatedDate) VALUES ('',1,3,3,null,3,0,'admin','2014-6-3',null);
INSERT INTO FACT_ccm (ccmLabel,level0,level1,level2,contentHTML,ccmOrder,deleteFlag,addedBy,createdDate,updatedDate) VALUES ('',1,3,4,null,3,0,'admin','2014-6-3',null);
INSERT INTO FACT_ccm (ccmLabel,level0,level1,level2,contentHTML,ccmOrder,deleteFlag,addedBy,createdDate,updatedDate) VALUES ('',1,4,1,null,4,0,'admin','2014-6-3',null);
INSERT INTO FACT_ccm (ccmLabel,level0,level1,level2,contentHTML,ccmOrder,deleteFlag,addedBy,createdDate,updatedDate) VALUES ('',1,4,2,null,4,0,'admin','2014-6-3',null);
INSERT INTO FACT_ccm (ccmLabel,level0,level1,level2,contentHTML,ccmOrder,deleteFlag,addedBy,createdDate,updatedDate) VALUES ('',1,4,3,null,4,0,'admin','2014-6-3',null);
INSERT INTO FACT_ccm (ccmLabel,level0,level1,level2,contentHTML,ccmOrder,deleteFlag,addedBy,createdDate,updatedDate) VALUES ('',1,4,4,null,4,0,'admin','2014-6-3',null);
INSERT INTO FACT_ccm (ccmLabel,level0,level1,level2,contentHTML,ccmOrder,deleteFlag,addedBy,createdDate,updatedDate) VALUES ('',1,5,1,null,5,0,'admin','2014-6-3',null);
INSERT INTO FACT_ccm (ccmLabel,level0,level1,level2,contentHTML,ccmOrder,deleteFlag,addedBy,createdDate,updatedDate) VALUES ('',1,5,2,null,5,0,'admin','2014-6-3',null);
INSERT INTO FACT_ccm (ccmLabel,level0,level1,level2,contentHTML,ccmOrder,deleteFlag,addedBy,createdDate,updatedDate) VALUES ('',1,5,3,null,5,0,'admin','2014-6-3',null);
INSERT INTO FACT_ccm (ccmLabel,level0,level1,level2,contentHTML,ccmOrder,deleteFlag,addedBy,createdDate,updatedDate) VALUES ('',1,5,4,null,5,0,'admin','2014-6-3',null);
INSERT INTO FACT_ccm (ccmLabel,level0,level1,level2,contentHTML,ccmOrder,deleteFlag,addedBy,createdDate,updatedDate) VALUES ('',1,6,1,null,6,0,'admin','2014-6-3',null);
INSERT INTO FACT_ccm (ccmLabel,level0,level1,level2,contentHTML,ccmOrder,deleteFlag,addedBy,createdDate,updatedDate) VALUES ('',1,6,2,null,6,0,'admin','2014-6-3',null);
INSERT INTO FACT_ccm (ccmLabel,level0,level1,level2,contentHTML,ccmOrder,deleteFlag,addedBy,createdDate,updatedDate) VALUES ('',1,6,3,null,6,0,'admin','2014-6-3',null);
INSERT INTO FACT_ccm (ccmLabel,level0,level1,level2,contentHTML,ccmOrder,deleteFlag,addedBy,createdDate,updatedDate) VALUES ('',1,6,4,null,6,0,'admin','2014-6-3',null);
INSERT INTO FACT_ccm (ccmLabel,level0,level1,level2,contentHTML,ccmOrder,deleteFlag,addedBy,createdDate,updatedDate) VALUES ('',1,7,1,null,7,0,'admin','2014-6-3',null);
INSERT INTO FACT_ccm (ccmLabel,level0,level1,level2,contentHTML,ccmOrder,deleteFlag,addedBy,createdDate,updatedDate) VALUES ('',1,7,2,null,7,0,'admin','2014-6-3',null);
INSERT INTO FACT_ccm (ccmLabel,level0,level1,level2,contentHTML,ccmOrder,deleteFlag,addedBy,createdDate,updatedDate) VALUES ('',1,7,3,null,7,0,'admin','2014-6-3',null);
INSERT INTO FACT_ccm (ccmLabel,level0,level1,level2,contentHTML,ccmOrder,deleteFlag,addedBy,createdDate,updatedDate) VALUES ('',1,7,4,null,7,0,'admin','2014-6-3',null);
INSERT INTO FACT_ccm (ccmLabel,level0,level1,level2,contentHTML,ccmOrder,deleteFlag,addedBy,createdDate,updatedDate) VALUES ('',1,8,1,null,8,0,'admin','2014-6-3',null);
INSERT INTO FACT_ccm (ccmLabel,level0,level1,level2,contentHTML,ccmOrder,deleteFlag,addedBy,createdDate,updatedDate) VALUES ('',1,8,2,null,8,0,'admin','2014-6-3',null);
INSERT INTO FACT_ccm (ccmLabel,level0,level1,level2,contentHTML,ccmOrder,deleteFlag,addedBy,createdDate,updatedDate) VALUES ('',1,8,3,null,8,0,'admin','2014-6-3',null);
INSERT INTO FACT_ccm (ccmLabel,level0,level1,level2,contentHTML,ccmOrder,deleteFlag,addedBy,createdDate,updatedDate) VALUES ('',1,8,4,null,8,0,'admin','2014-6-3',null);
INSERT INTO FACT_ccm (ccmLabel,level0,level1,level2,contentHTML,ccmOrder,deleteFlag,addedBy,createdDate,updatedDate) VALUES ('',1,9,1,null,9,0,'admin','2014-6-3',null);
INSERT INTO FACT_ccm (ccmLabel,level0,level1,level2,contentHTML,ccmOrder,deleteFlag,addedBy,createdDate,updatedDate) VALUES ('',1,9,2,null,9,0,'admin','2014-6-3',null);
INSERT INTO FACT_ccm (ccmLabel,level0,level1,level2,contentHTML,ccmOrder,deleteFlag,addedBy,createdDate,updatedDate) VALUES ('',1,9,3,null,9,0,'admin','2014-6-3',null);
INSERT INTO FACT_ccm (ccmLabel,level0,level1,level2,contentHTML,ccmOrder,deleteFlag,addedBy,createdDate,updatedDate) VALUES ('',1,9,4,null,9,0,'admin','2014-6-3',null);
INSERT INTO FACT_ccm (ccmLabel,level0,level1,level2,contentHTML,ccmOrder,deleteFlag,addedBy,createdDate,updatedDate) VALUES ('',1,10,1,null,10,0,'admin','2014-6-3',null);
INSERT INTO FACT_ccm (ccmLabel,level0,level1,level2,contentHTML,ccmOrder,deleteFlag,addedBy,createdDate,updatedDate) VALUES ('',1,10,2,null,10,0,'admin','2014-6-3',null);
INSERT INTO FACT_ccm (ccmLabel,level0,level1,level2,contentHTML,ccmOrder,deleteFlag,addedBy,createdDate,updatedDate) VALUES ('',1,10,3,null,10,0,'admin','2014-6-3',null);
INSERT INTO FACT_ccm (ccmLabel,level0,level1,level2,contentHTML,ccmOrder,deleteFlag,addedBy,createdDate,updatedDate) VALUES ('',1,10,4,null,10,0,'admin','2014-6-3',null);
INSERT INTO FACT_ccm (ccmLabel,level0,level1,level2,contentHTML,ccmOrder,deleteFlag,addedBy,createdDate,updatedDate) VALUES ('',1,11,1,null,11,0,'admin','2014-6-3',null);
INSERT INTO FACT_ccm (ccmLabel,level0,level1,level2,contentHTML,ccmOrder,deleteFlag,addedBy,createdDate,updatedDate) VALUES ('',1,11,2,null,11,0,'admin','2014-6-3',null);
INSERT INTO FACT_ccm (ccmLabel,level0,level1,level2,contentHTML,ccmOrder,deleteFlag,addedBy,createdDate,updatedDate) VALUES ('',1,11,3,null,11,0,'admin','2014-6-3',null);
INSERT INTO FACT_ccm (ccmLabel,level0,level1,level2,contentHTML,ccmOrder,deleteFlag,addedBy,createdDate,updatedDate) VALUES ('',1,11,4,null,11,0,'admin','2014-6-3',null);
INSERT INTO FACT_ccm (ccmLabel,level0,level1,level2,contentHTML,ccmOrder,deleteFlag,addedBy,createdDate,updatedDate) VALUES ('',1,12,1,null,12,0,'admin','2014-6-3',null);
INSERT INTO FACT_ccm (ccmLabel,level0,level1,level2,contentHTML,ccmOrder,deleteFlag,addedBy,createdDate,updatedDate) VALUES ('',1,12,2,null,12,0,'admin','2014-6-3',null);
INSERT INTO FACT_ccm (ccmLabel,level0,level1,level2,contentHTML,ccmOrder,deleteFlag,addedBy,createdDate,updatedDate) VALUES ('',1,12,3,null,12,0,'admin','2014-6-3',null);
INSERT INTO FACT_ccm (ccmLabel,level0,level1,level2,contentHTML,ccmOrder,deleteFlag,addedBy,createdDate,updatedDate) VALUES ('',1,12,4,null,12,0,'admin','2014-6-3',null);
INSERT INTO FACT_ccm (ccmLabel,level0,level1,level2,contentHTML,ccmOrder,deleteFlag,addedBy,createdDate,updatedDate) VALUES ('',1,13,1,null,13,0,'admin','2014-6-3',null);
INSERT INTO FACT_ccm (ccmLabel,level0,level1,level2,contentHTML,ccmOrder,deleteFlag,addedBy,createdDate,updatedDate) VALUES ('',1,13,2,null,13,0,'admin','2014-6-3',null);
INSERT INTO FACT_ccm (ccmLabel,level0,level1,level2,contentHTML,ccmOrder,deleteFlag,addedBy,createdDate,updatedDate) VALUES ('',1,13,3,null,13,0,'admin','2014-6-3',null);
INSERT INTO FACT_ccm (ccmLabel,level0,level1,level2,contentHTML,ccmOrder,deleteFlag,addedBy,createdDate,updatedDate) VALUES ('',1,13,4,null,13,0,'admin','2014-6-3',null);
INSERT INTO FACT_ccm (ccmLabel,level0,level1,level2,contentHTML,ccmOrder,deleteFlag,addedBy,createdDate,updatedDate) VALUES ('',2,14,1,null,14,0,'admin','2014-6-3',null);
INSERT INTO FACT_ccm (ccmLabel,level0,level1,level2,contentHTML,ccmOrder,deleteFlag,addedBy,createdDate,updatedDate) VALUES ('',2,14,2,null,14,0,'admin','2014-6-3',null);
INSERT INTO FACT_ccm (ccmLabel,level0,level1,level2,contentHTML,ccmOrder,deleteFlag,addedBy,createdDate,updatedDate) VALUES ('',2,14,3,null,14,0,'admin','2014-6-3',null);
INSERT INTO FACT_ccm (ccmLabel,level0,level1,level2,contentHTML,ccmOrder,deleteFlag,addedBy,createdDate,updatedDate) VALUES ('',2,14,4,null,14,0,'admin','2014-6-3',null);
INSERT INTO FACT_ccm (ccmLabel,level0,level1,level2,contentHTML,ccmOrder,deleteFlag,addedBy,createdDate,updatedDate) VALUES ('',2,15,1,null,15,0,'admin','2014-6-3',null);
INSERT INTO FACT_ccm (ccmLabel,level0,level1,level2,contentHTML,ccmOrder,deleteFlag,addedBy,createdDate,updatedDate) VALUES ('',2,15,2,null,15,0,'admin','2014-6-3',null);
INSERT INTO FACT_ccm (ccmLabel,level0,level1,level2,contentHTML,ccmOrder,deleteFlag,addedBy,createdDate,updatedDate) VALUES ('',2,15,3,null,15,0,'admin','2014-6-3',null);
INSERT INTO FACT_ccm (ccmLabel,level0,level1,level2,contentHTML,ccmOrder,deleteFlag,addedBy,createdDate,updatedDate) VALUES ('',2,15,4,null,15,0,'admin','2014-6-3',null);
INSERT INTO FACT_ccm (ccmLabel,level0,level1,level2,contentHTML,ccmOrder,deleteFlag,addedBy,createdDate,updatedDate) VALUES ('',2,16,1,null,16,0,'admin','2014-6-3',null);
INSERT INTO FACT_ccm (ccmLabel,level0,level1,level2,contentHTML,ccmOrder,deleteFlag,addedBy,createdDate,updatedDate) VALUES ('',2,16,2,null,16,0,'admin','2014-6-3',null);
INSERT INTO FACT_ccm (ccmLabel,level0,level1,level2,contentHTML,ccmOrder,deleteFlag,addedBy,createdDate,updatedDate) VALUES ('',2,16,3,null,16,0,'admin','2014-6-3',null);
INSERT INTO FACT_ccm (ccmLabel,level0,level1,level2,contentHTML,ccmOrder,deleteFlag,addedBy,createdDate,updatedDate) VALUES ('',2,16,4,null,16,0,'admin','2014-6-3',null);
INSERT INTO FACT_ccm (ccmLabel,level0,level1,level2,contentHTML,ccmOrder,deleteFlag,addedBy,createdDate,updatedDate) VALUES ('',2,17,1,null,17,0,'admin','2014-6-3',null);
INSERT INTO FACT_ccm (ccmLabel,level0,level1,level2,contentHTML,ccmOrder,deleteFlag,addedBy,createdDate,updatedDate) VALUES ('',2,17,2,null,17,0,'admin','2014-6-3',null);
INSERT INTO FACT_ccm (ccmLabel,level0,level1,level2,contentHTML,ccmOrder,deleteFlag,addedBy,createdDate,updatedDate) VALUES ('',2,17,3,null,17,0,'admin','2014-6-3',null);
INSERT INTO FACT_ccm (ccmLabel,level0,level1,level2,contentHTML,ccmOrder,deleteFlag,addedBy,createdDate,updatedDate) VALUES ('',2,17,4,null,17,0,'admin','2014-6-3',null);
INSERT INTO FACT_ccm (ccmLabel,level0,level1,level2,contentHTML,ccmOrder,deleteFlag,addedBy,createdDate,updatedDate) VALUES ('',2,18,1,null,18,0,'admin','2014-6-3',null);
INSERT INTO FACT_ccm (ccmLabel,level0,level1,level2,contentHTML,ccmOrder,deleteFlag,addedBy,createdDate,updatedDate) VALUES ('',2,18,2,null,18,0,'admin','2014-6-3',null);
INSERT INTO FACT_ccm (ccmLabel,level0,level1,level2,contentHTML,ccmOrder,deleteFlag,addedBy,createdDate,updatedDate) VALUES ('',2,18,3,null,18,0,'admin','2014-6-3',null);
INSERT INTO FACT_ccm (ccmLabel,level0,level1,level2,contentHTML,ccmOrder,deleteFlag,addedBy,createdDate,updatedDate) VALUES ('',2,18,4,null,18,0,'admin','2014-6-3',null);
INSERT INTO FACT_ccm (ccmLabel,level0,level1,level2,contentHTML,ccmOrder,deleteFlag,addedBy,createdDate,updatedDate) VALUES ('',2,19,1,null,19,0,'admin','2014-6-3',null);
INSERT INTO FACT_ccm (ccmLabel,level0,level1,level2,contentHTML,ccmOrder,deleteFlag,addedBy,createdDate,updatedDate) VALUES ('',2,19,2,null,19,0,'admin','2014-6-3',null);
INSERT INTO FACT_ccm (ccmLabel,level0,level1,level2,contentHTML,ccmOrder,deleteFlag,addedBy,createdDate,updatedDate) VALUES ('',2,19,3,null,19,0,'admin','2014-6-3',null);
INSERT INTO FACT_ccm (ccmLabel,level0,level1,level2,contentHTML,ccmOrder,deleteFlag,addedBy,createdDate,updatedDate) VALUES ('',2,19,4,null,19,0,'admin','2014-6-3',null);
INSERT INTO FACT_ccm (ccmLabel,level0,level1,level2,contentHTML,ccmOrder,deleteFlag,addedBy,createdDate,updatedDate) VALUES ('',2,20,1,null,20,0,'admin','2014-6-3',null);
INSERT INTO FACT_ccm (ccmLabel,level0,level1,level2,contentHTML,ccmOrder,deleteFlag,addedBy,createdDate,updatedDate) VALUES ('',2,20,2,null,20,0,'admin','2014-6-3',null);
INSERT INTO FACT_ccm (ccmLabel,level0,level1,level2,contentHTML,ccmOrder,deleteFlag,addedBy,createdDate,updatedDate) VALUES ('',2,20,3,null,20,0,'admin','2014-6-3',null);
INSERT INTO FACT_ccm (ccmLabel,level0,level1,level2,contentHTML,ccmOrder,deleteFlag,addedBy,createdDate,updatedDate) VALUES ('',2,20,4,null,20,0,'admin','2014-6-3',null);
INSERT INTO FACT_ccm (ccmLabel,level0,level1,level2,contentHTML,ccmOrder,deleteFlag,addedBy,createdDate,updatedDate) VALUES ('',2,21,1,null,21,0,'admin','2014-6-3',null);
INSERT INTO FACT_ccm (ccmLabel,level0,level1,level2,contentHTML,ccmOrder,deleteFlag,addedBy,createdDate,updatedDate) VALUES ('',2,21,2,null,21,0,'admin','2014-6-3',null);
INSERT INTO FACT_ccm (ccmLabel,level0,level1,level2,contentHTML,ccmOrder,deleteFlag,addedBy,createdDate,updatedDate) VALUES ('',2,21,3,null,21,0,'admin','2014-6-3',null);
INSERT INTO FACT_ccm (ccmLabel,level0,level1,level2,contentHTML,ccmOrder,deleteFlag,addedBy,createdDate,updatedDate) VALUES ('',2,21,4,null,21,0,'admin','2014-6-3',null);
INSERT INTO FACT_ccm (ccmLabel,level0,level1,level2,contentHTML,ccmOrder,deleteFlag,addedBy,createdDate,updatedDate) VALUES ('',2,22,1,null,22,0,'admin','2014-6-3',null);
INSERT INTO FACT_ccm (ccmLabel,level0,level1,level2,contentHTML,ccmOrder,deleteFlag,addedBy,createdDate,updatedDate) VALUES ('',2,22,2,null,22,0,'admin','2014-6-3',null);
INSERT INTO FACT_ccm (ccmLabel,level0,level1,level2,contentHTML,ccmOrder,deleteFlag,addedBy,createdDate,updatedDate) VALUES ('',2,22,3,null,22,0,'admin','2014-6-3',null);
INSERT INTO FACT_ccm (ccmLabel,level0,level1,level2,contentHTML,ccmOrder,deleteFlag,addedBy,createdDate,updatedDate) VALUES ('',2,22,4,null,22,0,'admin','2014-6-3',null);
INSERT INTO FACT_ccm (ccmLabel,level0,level1,level2,contentHTML,ccmOrder,deleteFlag,addedBy,createdDate,updatedDate) VALUES ('',2,23,1,null,23,0,'admin','2014-6-3',null);
INSERT INTO FACT_ccm (ccmLabel,level0,level1,level2,contentHTML,ccmOrder,deleteFlag,addedBy,createdDate,updatedDate) VALUES ('',2,23,2,null,23,0,'admin','2014-6-3',null);
INSERT INTO FACT_ccm (ccmLabel,level0,level1,level2,contentHTML,ccmOrder,deleteFlag,addedBy,createdDate,updatedDate) VALUES ('',2,23,3,null,23,0,'admin','2014-6-3',null);
INSERT INTO FACT_ccm (ccmLabel,level0,level1,level2,contentHTML,ccmOrder,deleteFlag,addedBy,createdDate,updatedDate) VALUES ('',2,23,4,null,23,0,'admin','2014-6-3',null);
INSERT INTO FACT_ccm (ccmLabel,level0,level1,level2,contentHTML,ccmOrder,deleteFlag,addedBy,createdDate,updatedDate) VALUES ('',2,24,1,null,24,0,'admin','2014-6-3',null);
INSERT INTO FACT_ccm (ccmLabel,level0,level1,level2,contentHTML,ccmOrder,deleteFlag,addedBy,createdDate,updatedDate) VALUES ('',2,24,2,null,24,0,'admin','2014-6-3',null);
INSERT INTO FACT_ccm (ccmLabel,level0,level1,level2,contentHTML,ccmOrder,deleteFlag,addedBy,createdDate,updatedDate) VALUES ('',2,24,3,null,24,0,'admin','2014-6-3',null);
INSERT INTO FACT_ccm (ccmLabel,level0,level1,level2,contentHTML,ccmOrder,deleteFlag,addedBy,createdDate,updatedDate) VALUES ('',2,24,4,null,24,0,'admin','2014-6-3',null);
INSERT INTO FACT_ccm (ccmLabel,level0,level1,level2,contentHTML,ccmOrder,deleteFlag,addedBy,createdDate,updatedDate) VALUES ('',2,25,1,null,25,0,'admin','2014-6-3',null);
INSERT INTO FACT_ccm (ccmLabel,level0,level1,level2,contentHTML,ccmOrder,deleteFlag,addedBy,createdDate,updatedDate) VALUES ('',2,25,2,null,25,0,'admin','2014-6-3',null);
INSERT INTO FACT_ccm (ccmLabel,level0,level1,level2,contentHTML,ccmOrder,deleteFlag,addedBy,createdDate,updatedDate) VALUES ('',2,25,3,null,25,0,'admin','2014-6-3',null);
INSERT INTO FACT_ccm (ccmLabel,level0,level1,level2,contentHTML,ccmOrder,deleteFlag,addedBy,createdDate,updatedDate) VALUES ('',2,25,4,null,25,0,'admin','2014-6-3',null);
INSERT INTO FACT_ccm (ccmLabel,level0,level1,level2,contentHTML,ccmOrder,deleteFlag,addedBy,createdDate,updatedDate) VALUES ('',2,26,1,null,26,0,'admin','2014-6-3',null);
INSERT INTO FACT_ccm (ccmLabel,level0,level1,level2,contentHTML,ccmOrder,deleteFlag,addedBy,createdDate,updatedDate) VALUES ('',2,26,2,null,26,0,'admin','2014-6-3',null);
INSERT INTO FACT_ccm (ccmLabel,level0,level1,level2,contentHTML,ccmOrder,deleteFlag,addedBy,createdDate,updatedDate) VALUES ('',2,26,3,null,26,0,'admin','2014-6-3',null);
INSERT INTO FACT_ccm (ccmLabel,level0,level1,level2,contentHTML,ccmOrder,deleteFlag,addedBy,createdDate,updatedDate) VALUES ('',2,26,4,null,26,0,'admin','2014-6-3',null);
INSERT INTO FACT_ccm (ccmLabel,level0,level1,level2,contentHTML,ccmOrder,deleteFlag,addedBy,createdDate,updatedDate) VALUES ('',2,27,1,null,27,0,'admin','2014-6-3',null);
INSERT INTO FACT_ccm (ccmLabel,level0,level1,level2,contentHTML,ccmOrder,deleteFlag,addedBy,createdDate,updatedDate) VALUES ('',2,27,2,null,27,0,'admin','2014-6-3',null);
INSERT INTO FACT_ccm (ccmLabel,level0,level1,level2,contentHTML,ccmOrder,deleteFlag,addedBy,createdDate,updatedDate) VALUES ('',2,27,3,null,27,0,'admin','2014-6-3',null);
INSERT INTO FACT_ccm (ccmLabel,level0,level1,level2,contentHTML,ccmOrder,deleteFlag,addedBy,createdDate,updatedDate) VALUES ('',2,27,4,null,27,0,'admin','2014-6-3',null);
INSERT INTO FACT_ccm (ccmLabel,level0,level1,level2,contentHTML,ccmOrder,deleteFlag,addedBy,createdDate,updatedDate) VALUES ('',2,28,1,null,28,0,'admin','2014-6-3',null);
INSERT INTO FACT_ccm (ccmLabel,level0,level1,level2,contentHTML,ccmOrder,deleteFlag,addedBy,createdDate,updatedDate) VALUES ('',2,28,2,null,28,0,'admin','2014-6-3',null);
INSERT INTO FACT_ccm (ccmLabel,level0,level1,level2,contentHTML,ccmOrder,deleteFlag,addedBy,createdDate,updatedDate) VALUES ('',2,28,3,null,28,0,'admin','2014-6-3',null);
INSERT INTO FACT_ccm (ccmLabel,level0,level1,level2,contentHTML,ccmOrder,deleteFlag,addedBy,createdDate,updatedDate) VALUES ('',2,28,4,null,28,0,'admin','2014-6-3',null);
INSERT INTO FACT_ccm (ccmLabel,level0,level1,level2,contentHTML,ccmOrder,deleteFlag,addedBy,createdDate,updatedDate) VALUES ('',3,29,1,null,29,0,'admin','2014-6-3',null);
INSERT INTO FACT_ccm (ccmLabel,level0,level1,level2,contentHTML,ccmOrder,deleteFlag,addedBy,createdDate,updatedDate) VALUES ('',3,29,2,null,29,0,'admin','2014-6-3',null);
INSERT INTO FACT_ccm (ccmLabel,level0,level1,level2,contentHTML,ccmOrder,deleteFlag,addedBy,createdDate,updatedDate) VALUES ('',3,29,3,null,29,0,'admin','2014-6-3',null);
INSERT INTO FACT_ccm (ccmLabel,level0,level1,level2,contentHTML,ccmOrder,deleteFlag,addedBy,createdDate,updatedDate) VALUES ('',3,29,4,null,29,0,'admin','2014-6-3',null);
INSERT INTO FACT_ccm (ccmLabel,level0,level1,level2,contentHTML,ccmOrder,deleteFlag,addedBy,createdDate,updatedDate) VALUES ('',3,30,1,null,30,0,'admin','2014-6-3',null);
INSERT INTO FACT_ccm (ccmLabel,level0,level1,level2,contentHTML,ccmOrder,deleteFlag,addedBy,createdDate,updatedDate) VALUES ('',3,30,2,null,30,0,'admin','2014-6-3',null);
INSERT INTO FACT_ccm (ccmLabel,level0,level1,level2,contentHTML,ccmOrder,deleteFlag,addedBy,createdDate,updatedDate) VALUES ('',3,30,3,null,30,0,'admin','2014-6-3',null);
INSERT INTO FACT_ccm (ccmLabel,level0,level1,level2,contentHTML,ccmOrder,deleteFlag,addedBy,createdDate,updatedDate) VALUES ('',3,30,4,null,30,0,'admin','2014-6-3',null);
INSERT INTO FACT_ccm (ccmLabel,level0,level1,level2,contentHTML,ccmOrder,deleteFlag,addedBy,createdDate,updatedDate) VALUES ('',3,31,1,null,31,0,'admin','2014-6-3',null);
INSERT INTO FACT_ccm (ccmLabel,level0,level1,level2,contentHTML,ccmOrder,deleteFlag,addedBy,createdDate,updatedDate) VALUES ('',3,31,2,null,31,0,'admin','2014-6-3',null);
INSERT INTO FACT_ccm (ccmLabel,level0,level1,level2,contentHTML,ccmOrder,deleteFlag,addedBy,createdDate,updatedDate) VALUES ('',3,31,3,null,31,0,'admin','2014-6-3',null);
INSERT INTO FACT_ccm (ccmLabel,level0,level1,level2,contentHTML,ccmOrder,deleteFlag,addedBy,createdDate,updatedDate) VALUES ('',3,31,4,null,31,0,'admin','2014-6-3',null);
INSERT INTO FACT_ccm (ccmLabel,level0,level1,level2,contentHTML,ccmOrder,deleteFlag,addedBy,createdDate,updatedDate) VALUES ('',3,32,1,null,32,0,'admin','2014-6-3',null);
INSERT INTO FACT_ccm (ccmLabel,level0,level1,level2,contentHTML,ccmOrder,deleteFlag,addedBy,createdDate,updatedDate) VALUES ('',3,32,2,null,32,0,'admin','2014-6-3',null);
INSERT INTO FACT_ccm (ccmLabel,level0,level1,level2,contentHTML,ccmOrder,deleteFlag,addedBy,createdDate,updatedDate) VALUES ('',3,32,3,null,32,0,'admin','2014-6-3',null);
INSERT INTO FACT_ccm (ccmLabel,level0,level1,level2,contentHTML,ccmOrder,deleteFlag,addedBy,createdDate,updatedDate) VALUES ('',3,32,4,null,32,0,'admin','2014-6-3',null);
INSERT INTO FACT_ccm (ccmLabel,level0,level1,level2,contentHTML,ccmOrder,deleteFlag,addedBy,createdDate,updatedDate) VALUES ('',3,33,1,null,33,0,'admin','2014-6-3',null);
INSERT INTO FACT_ccm (ccmLabel,level0,level1,level2,contentHTML,ccmOrder,deleteFlag,addedBy,createdDate,updatedDate) VALUES ('',3,33,2,null,33,0,'admin','2014-6-3',null);
INSERT INTO FACT_ccm (ccmLabel,level0,level1,level2,contentHTML,ccmOrder,deleteFlag,addedBy,createdDate,updatedDate) VALUES ('',3,33,3,null,33,0,'admin','2014-6-3',null);
INSERT INTO FACT_ccm (ccmLabel,level0,level1,level2,contentHTML,ccmOrder,deleteFlag,addedBy,createdDate,updatedDate) VALUES ('',3,33,4,null,33,0,'admin','2014-6-3',null);
INSERT INTO FACT_ccm (ccmLabel,level0,level1,level2,contentHTML,ccmOrder,deleteFlag,addedBy,createdDate,updatedDate) VALUES ('',3,34,1,null,34,0,'admin','2014-6-3',null);
INSERT INTO FACT_ccm (ccmLabel,level0,level1,level2,contentHTML,ccmOrder,deleteFlag,addedBy,createdDate,updatedDate) VALUES ('',3,34,2,null,34,0,'admin','2014-6-3',null);
INSERT INTO FACT_ccm (ccmLabel,level0,level1,level2,contentHTML,ccmOrder,deleteFlag,addedBy,createdDate,updatedDate) VALUES ('',3,34,3,null,34,0,'admin','2014-6-3',null);
INSERT INTO FACT_ccm (ccmLabel,level0,level1,level2,contentHTML,ccmOrder,deleteFlag,addedBy,createdDate,updatedDate) VALUES ('',3,34,4,null,34,0,'admin','2014-6-3',null);
INSERT INTO FACT_ccm (ccmLabel,level0,level1,level2,contentHTML,ccmOrder,deleteFlag,addedBy,createdDate,updatedDate) VALUES ('',3,35,1,null,35,0,'admin','2014-6-3',null);
INSERT INTO FACT_ccm (ccmLabel,level0,level1,level2,contentHTML,ccmOrder,deleteFlag,addedBy,createdDate,updatedDate) VALUES ('',3,35,2,null,35,0,'admin','2014-6-3',null);
INSERT INTO FACT_ccm (ccmLabel,level0,level1,level2,contentHTML,ccmOrder,deleteFlag,addedBy,createdDate,updatedDate) VALUES ('',3,35,3,null,35,0,'admin','2014-6-3',null);
INSERT INTO FACT_ccm (ccmLabel,level0,level1,level2,contentHTML,ccmOrder,deleteFlag,addedBy,createdDate,updatedDate) VALUES ('',3,35,4,null,35,0,'admin','2014-6-3',null);
INSERT INTO FACT_ccm (ccmLabel,level0,level1,level2,contentHTML,ccmOrder,deleteFlag,addedBy,createdDate,updatedDate) VALUES ('',3,36,1,null,36,0,'admin','2014-6-3',null);
INSERT INTO FACT_ccm (ccmLabel,level0,level1,level2,contentHTML,ccmOrder,deleteFlag,addedBy,createdDate,updatedDate) VALUES ('',3,36,2,null,36,0,'admin','2014-6-3',null);
INSERT INTO FACT_ccm (ccmLabel,level0,level1,level2,contentHTML,ccmOrder,deleteFlag,addedBy,createdDate,updatedDate) VALUES ('',3,36,3,null,36,0,'admin','2014-6-3',null);
INSERT INTO FACT_ccm (ccmLabel,level0,level1,level2,contentHTML,ccmOrder,deleteFlag,addedBy,createdDate,updatedDate) VALUES ('',3,36,4,null,36,0,'admin','2014-6-3',null);
INSERT INTO FACT_ccm (ccmLabel,level0,level1,level2,contentHTML,ccmOrder,deleteFlag,addedBy,createdDate,updatedDate) VALUES ('',3,37,1,null,37,0,'admin','2014-6-3',null);
INSERT INTO FACT_ccm (ccmLabel,level0,level1,level2,contentHTML,ccmOrder,deleteFlag,addedBy,createdDate,updatedDate) VALUES ('',3,37,2,null,37,0,'admin','2014-6-3',null);
INSERT INTO FACT_ccm (ccmLabel,level0,level1,level2,contentHTML,ccmOrder,deleteFlag,addedBy,createdDate,updatedDate) VALUES ('',3,37,3,null,37,0,'admin','2014-6-3',null);
INSERT INTO FACT_ccm (ccmLabel,level0,level1,level2,contentHTML,ccmOrder,deleteFlag,addedBy,createdDate,updatedDate) VALUES ('',3,37,4,null,37,0,'admin','2014-6-3',null);
INSERT INTO FACT_ccm (ccmLabel,level0,level1,level2,contentHTML,ccmOrder,deleteFlag,addedBy,createdDate,updatedDate) VALUES ('',3,38,1,null,38,0,'admin','2014-6-3',null);
INSERT INTO FACT_ccm (ccmLabel,level0,level1,level2,contentHTML,ccmOrder,deleteFlag,addedBy,createdDate,updatedDate) VALUES ('',3,38,2,null,38,0,'admin','2014-6-3',null);
INSERT INTO FACT_ccm (ccmLabel,level0,level1,level2,contentHTML,ccmOrder,deleteFlag,addedBy,createdDate,updatedDate) VALUES ('',3,38,3,null,38,0,'admin','2014-6-3',null);
INSERT INTO FACT_ccm (ccmLabel,level0,level1,level2,contentHTML,ccmOrder,deleteFlag,addedBy,createdDate,updatedDate) VALUES ('',3,38,4,null,38,0,'admin','2014-6-3',null);
INSERT INTO FACT_ccm (ccmLabel,level0,level1,level2,contentHTML,ccmOrder,deleteFlag,addedBy,createdDate,updatedDate) VALUES ('',3,39,1,null,39,0,'admin','2014-6-3',null);
INSERT INTO FACT_ccm (ccmLabel,level0,level1,level2,contentHTML,ccmOrder,deleteFlag,addedBy,createdDate,updatedDate) VALUES ('',3,39,2,null,39,0,'admin','2014-6-3',null);
INSERT INTO FACT_ccm (ccmLabel,level0,level1,level2,contentHTML,ccmOrder,deleteFlag,addedBy,createdDate,updatedDate) VALUES ('',3,39,3,null,39,0,'admin','2014-6-3',null);
INSERT INTO FACT_ccm (ccmLabel,level0,level1,level2,contentHTML,ccmOrder,deleteFlag,addedBy,createdDate,updatedDate) VALUES ('',3,39,4,null,39,0,'admin','2014-6-3',null);
INSERT INTO FACT_ccm (ccmLabel,level0,level1,level2,contentHTML,ccmOrder,deleteFlag,addedBy,createdDate,updatedDate) VALUES ('',3,40,1,null,40,0,'admin','2014-6-3',null);
INSERT INTO FACT_ccm (ccmLabel,level0,level1,level2,contentHTML,ccmOrder,deleteFlag,addedBy,createdDate,updatedDate) VALUES ('',3,40,2,null,40,0,'admin','2014-6-3',null);
INSERT INTO FACT_ccm (ccmLabel,level0,level1,level2,contentHTML,ccmOrder,deleteFlag,addedBy,createdDate,updatedDate) VALUES ('',3,40,3,null,40,0,'admin','2014-6-3',null);
INSERT INTO FACT_ccm (ccmLabel,level0,level1,level2,contentHTML,ccmOrder,deleteFlag,addedBy,createdDate,updatedDate) VALUES ('',3,40,4,null,40,0,'admin','2014-6-3',null);
INSERT INTO FACT_ccm (ccmLabel,level0,level1,level2,contentHTML,ccmOrder,deleteFlag,addedBy,createdDate,updatedDate) VALUES ('',3,41,1,null,41,0,'admin','2014-6-3',null);
INSERT INTO FACT_ccm (ccmLabel,level0,level1,level2,contentHTML,ccmOrder,deleteFlag,addedBy,createdDate,updatedDate) VALUES ('',3,41,2,null,41,0,'admin','2014-6-3',null);
INSERT INTO FACT_ccm (ccmLabel,level0,level1,level2,contentHTML,ccmOrder,deleteFlag,addedBy,createdDate,updatedDate) VALUES ('',3,41,3,null,41,0,'admin','2014-6-3',null);
INSERT INTO FACT_ccm (ccmLabel,level0,level1,level2,contentHTML,ccmOrder,deleteFlag,addedBy,createdDate,updatedDate) VALUES ('',3,41,4,null,41,0,'admin','2014-6-3',null);
INSERT INTO FACT_ccm (ccmLabel,level0,level1,level2,contentHTML,ccmOrder,deleteFlag,addedBy,createdDate,updatedDate) VALUES ('',3,42,1,null,42,0,'admin','2014-6-3',null);
INSERT INTO FACT_ccm (ccmLabel,level0,level1,level2,contentHTML,ccmOrder,deleteFlag,addedBy,createdDate,updatedDate) VALUES ('',3,42,2,null,42,0,'admin','2014-6-3',null);
INSERT INTO FACT_ccm (ccmLabel,level0,level1,level2,contentHTML,ccmOrder,deleteFlag,addedBy,createdDate,updatedDate) VALUES ('',3,42,3,null,42,0,'admin','2014-6-3',null);
INSERT INTO FACT_ccm (ccmLabel,level0,level1,level2,contentHTML,ccmOrder,deleteFlag,addedBy,createdDate,updatedDate) VALUES ('',3,42,4,null,42,0,'admin','2014-6-3',null);
INSERT INTO FACT_ccm (ccmLabel,level0,level1,level2,contentHTML,ccmOrder,deleteFlag,addedBy,createdDate,updatedDate) VALUES ('',3,43,1,null,43,0,'admin','2014-6-3',null);
INSERT INTO FACT_ccm (ccmLabel,level0,level1,level2,contentHTML,ccmOrder,deleteFlag,addedBy,createdDate,updatedDate) VALUES ('',3,43,2,null,43,0,'admin','2014-6-3',null);
INSERT INTO FACT_ccm (ccmLabel,level0,level1,level2,contentHTML,ccmOrder,deleteFlag,addedBy,createdDate,updatedDate) VALUES ('',3,43,3,null,43,0,'admin','2014-6-3',null);
INSERT INTO FACT_ccm (ccmLabel,level0,level1,level2,contentHTML,ccmOrder,deleteFlag,addedBy,createdDate,updatedDate) VALUES ('',3,43,4,null,43,0,'admin','2014-6-3',null);
INSERT INTO FACT_ccm (ccmLabel,level0,level1,level2,contentHTML,ccmOrder,deleteFlag,addedBy,createdDate,updatedDate) VALUES ('',3,44,1,null,44,0,'admin','2014-6-3',null);
INSERT INTO FACT_ccm (ccmLabel,level0,level1,level2,contentHTML,ccmOrder,deleteFlag,addedBy,createdDate,updatedDate) VALUES ('',3,44,2,null,44,0,'admin','2014-6-3',null);
INSERT INTO FACT_ccm (ccmLabel,level0,level1,level2,contentHTML,ccmOrder,deleteFlag,addedBy,createdDate,updatedDate) VALUES ('',3,44,3,null,44,0,'admin','2014-6-3',null);
INSERT INTO FACT_ccm (ccmLabel,level0,level1,level2,contentHTML,ccmOrder,deleteFlag,addedBy,createdDate,updatedDate) VALUES ('',3,44,4,null,44,0,'admin','2014-6-3',null);
INSERT INTO FACT_ccm (ccmLabel,level0,level1,level2,contentHTML,ccmOrder,deleteFlag,addedBy,createdDate,updatedDate) VALUES ('',4,45,1,null,45,0,'admin','2014-6-3',null);
INSERT INTO FACT_ccm (ccmLabel,level0,level1,level2,contentHTML,ccmOrder,deleteFlag,addedBy,createdDate,updatedDate) VALUES ('',4,45,2,null,45,0,'admin','2014-6-3',null);
INSERT INTO FACT_ccm (ccmLabel,level0,level1,level2,contentHTML,ccmOrder,deleteFlag,addedBy,createdDate,updatedDate) VALUES ('',4,45,3,null,45,0,'admin','2014-6-3',null);
INSERT INTO FACT_ccm (ccmLabel,level0,level1,level2,contentHTML,ccmOrder,deleteFlag,addedBy,createdDate,updatedDate) VALUES ('',4,45,4,null,45,0,'admin','2014-6-3',null);
INSERT INTO FACT_ccm (ccmLabel,level0,level1,level2,contentHTML,ccmOrder,deleteFlag,addedBy,createdDate,updatedDate) VALUES ('',4,46,1,null,46,0,'admin','2014-6-3',null);
INSERT INTO FACT_ccm (ccmLabel,level0,level1,level2,contentHTML,ccmOrder,deleteFlag,addedBy,createdDate,updatedDate) VALUES ('',4,46,2,null,46,0,'admin','2014-6-3',null);
INSERT INTO FACT_ccm (ccmLabel,level0,level1,level2,contentHTML,ccmOrder,deleteFlag,addedBy,createdDate,updatedDate) VALUES ('',4,46,3,null,46,0,'admin','2014-6-3',null);
INSERT INTO FACT_ccm (ccmLabel,level0,level1,level2,contentHTML,ccmOrder,deleteFlag,addedBy,createdDate,updatedDate) VALUES ('',4,46,4,null,46,0,'admin','2014-6-3',null);
INSERT INTO FACT_ccm (ccmLabel,level0,level1,level2,contentHTML,ccmOrder,deleteFlag,addedBy,createdDate,updatedDate) VALUES ('',4,47,1,null,47,0,'admin','2014-6-3',null);
INSERT INTO FACT_ccm (ccmLabel,level0,level1,level2,contentHTML,ccmOrder,deleteFlag,addedBy,createdDate,updatedDate) VALUES ('',4,47,2,null,47,0,'admin','2014-6-3',null);
INSERT INTO FACT_ccm (ccmLabel,level0,level1,level2,contentHTML,ccmOrder,deleteFlag,addedBy,createdDate,updatedDate) VALUES ('',4,47,3,null,47,0,'admin','2014-6-3',null);
INSERT INTO FACT_ccm (ccmLabel,level0,level1,level2,contentHTML,ccmOrder,deleteFlag,addedBy,createdDate,updatedDate) VALUES ('',4,47,4,null,47,0,'admin','2014-6-3',null);
INSERT INTO FACT_ccm (ccmLabel,level0,level1,level2,contentHTML,ccmOrder,deleteFlag,addedBy,createdDate,updatedDate) VALUES ('',4,48,1,null,48,0,'admin','2014-6-3',null);
INSERT INTO FACT_ccm (ccmLabel,level0,level1,level2,contentHTML,ccmOrder,deleteFlag,addedBy,createdDate,updatedDate) VALUES ('',4,48,2,null,48,0,'admin','2014-6-3',null);
INSERT INTO FACT_ccm (ccmLabel,level0,level1,level2,contentHTML,ccmOrder,deleteFlag,addedBy,createdDate,updatedDate) VALUES ('',4,48,3,null,48,0,'admin','2014-6-3',null);
INSERT INTO FACT_ccm (ccmLabel,level0,level1,level2,contentHTML,ccmOrder,deleteFlag,addedBy,createdDate,updatedDate) VALUES ('',4,48,4,null,48,0,'admin','2014-6-3',null);
INSERT INTO FACT_ccm (ccmLabel,level0,level1,level2,contentHTML,ccmOrder,deleteFlag,addedBy,createdDate,updatedDate) VALUES ('',4,49,1,null,49,0,'admin','2014-6-3',null);
INSERT INTO FACT_ccm (ccmLabel,level0,level1,level2,contentHTML,ccmOrder,deleteFlag,addedBy,createdDate,updatedDate) VALUES ('',4,49,2,null,49,0,'admin','2014-6-3',null);
INSERT INTO FACT_ccm (ccmLabel,level0,level1,level2,contentHTML,ccmOrder,deleteFlag,addedBy,createdDate,updatedDate) VALUES ('',4,49,3,null,49,0,'admin','2014-6-3',null);
INSERT INTO FACT_ccm (ccmLabel,level0,level1,level2,contentHTML,ccmOrder,deleteFlag,addedBy,createdDate,updatedDate) VALUES ('',4,49,4,null,49,0,'admin','2014-6-3',null);
